id,pred
test_0,2
test_1,1
test_2,0
test_3,2
test_4,1
test_5,0
test_6,2
test_7,1
test_8,0
test_9,2
test_10,1
test_11,0
test_12,2
test_13,1
test_14,0
test_15,2
test_16,1
test_17,0
test_18,2
test_19,1
test_20,0
test_21,2
test_22,1
test_23,0
test_24,2
test_25,1
test_26,0
test_27,2
test_28,1
test_29,0
test_30,2
test_31,1
test_32,0
test_33,2
test_34,1
test_35,0
test_36,2
test_37,1
test_38,0
test_39,2
test_40,1
test_41,0
test_42,2
test_43,1
test_44,0
test_45,2
test_46,1
test_47,0
test_48,2
test_49,1
test_50,0
test_51,2
test_52,1
test_53,0
test_54,2
test_55,1
test_56,0
test_57,2
test_58,1
test_59,0
test_60,2
test_61,1
test_62,0
test_63,2
test_64,1
test_65,0
test_66,2
test_67,1
test_68,0
test_69,2
test_70,1
test_71,0
test_72,2
test_73,1
test_74,0
test_75,2
test_76,1
test_77,0
test_78,2
test_79,1
test_80,0
test_81,2
test_82,1
test_83,0
test_84,2
test_85,1
test_86,0
test_87,2
test_88,1
test_89,0
test_90,2
test_91,1
test_92,0
test_93,2
test_94,1
test_95,0
test_96,2
test_97,1
test_98,0
test_99,2
test_100,1
test_101,0
test_102,2
test_103,1
test_104,0
test_105,2
test_106,1
test_107,0
test_108,2
test_109,1
test_110,0
test_111,2
test_112,1
test_113,0
test_114,2
test_115,1
test_116,0
test_117,2
test_118,1
test_119,0
test_120,2
test_121,1
test_122,0
test_123,2
test_124,1
test_125,0
test_126,2
test_127,1
test_128,0
test_129,2
test_130,1
test_131,0
test_132,2
test_133,1
test_134,0
test_135,2
test_136,1
test_137,0
test_138,2
test_139,1
test_140,0
test_141,2
test_142,1
test_143,0
test_144,2
test_145,1
test_146,0
test_147,2
test_148,1
test_149,0
test_150,2
test_151,1
test_152,0
test_153,2
test_154,1
test_155,0
test_156,2
test_157,1
test_158,0
test_159,2
test_160,1
test_161,0
test_162,2
test_163,1
test_164,0
test_165,2
test_166,1
test_167,0
test_168,2
test_169,1
test_170,0
test_171,2
test_172,1
test_173,0
test_174,2
test_175,1
test_176,0
test_177,2
test_178,1
test_179,0
test_180,2
test_181,1
test_182,0
test_183,2
test_184,1
test_185,0
test_186,2
test_187,1
test_188,0
test_189,2
test_190,1
test_191,0
test_192,2
test_193,1
test_194,0
test_195,2
test_196,1
test_197,0
test_198,2
test_199,1
test_200,0
test_201,2
test_202,1
test_203,0
test_204,2
test_205,1
test_206,0
test_207,2
test_208,1
test_209,0
test_210,2
test_211,1
test_212,0
test_213,2
test_214,1
test_215,0
test_216,2
test_217,1
test_218,0
test_219,2
test_220,1
test_221,0
test_222,2
test_223,1
test_224,0
test_225,2
test_226,1
test_227,0
test_228,2
test_229,1
test_230,0
test_231,2
test_232,1
test_233,0
test_234,2
test_235,1
test_236,0
test_237,2
test_238,1
test_239,0
test_240,2
test_241,1
test_242,0
test_243,2
test_244,1
test_245,0
test_246,2
test_247,1
test_248,0
test_249,2
test_250,1
test_251,0
test_252,2
test_253,1
test_254,0
test_255,2
test_256,1
test_257,0
test_258,2
test_259,1
test_260,0
test_261,2
test_262,1
test_263,0
test_264,2
test_265,1
test_266,0
test_267,2
test_268,1
test_269,0
test_270,2
test_271,1
test_272,0
test_273,2
test_274,1
test_275,0
test_276,2
test_277,1
test_278,0
test_279,2
test_280,1
test_281,0
test_282,2
test_283,1
test_284,0
test_285,2
test_286,1
test_287,0
test_288,2
test_289,1
test_290,0
test_291,2
test_292,1
test_293,0
test_294,2
test_295,1
test_296,0
test_297,2
test_298,1
test_299,0
test_300,2
test_301,1
test_302,0
test_303,2
test_304,1
test_305,0
test_306,2
test_307,1
test_308,0
test_309,2
test_310,1
test_311,0
test_312,2
test_313,1
test_314,0
test_315,2
test_316,1
test_317,0
test_318,2
test_319,1
test_320,0
test_321,2
test_322,1
test_323,0
test_324,2
test_325,1
test_326,0
test_327,2
test_328,1
test_329,0
test_330,2
test_331,1
test_332,0
test_333,2
test_334,1
test_335,0
test_336,2
test_337,1
test_338,0
test_339,2
test_340,1
test_341,0
test_342,2
test_343,1
test_344,0
test_345,2
test_346,1
test_347,0
test_348,2
test_349,1
test_350,0
test_351,2
test_352,1
test_353,0
test_354,2
test_355,1
test_356,0
test_357,2
test_358,1
test_359,0
test_360,2
test_361,1
test_362,0
test_363,2
test_364,1
test_365,0
test_366,2
test_367,1
test_368,0
test_369,2
test_370,1
test_371,0
test_372,2
test_373,1
test_374,0
test_375,2
test_376,1
test_377,0
test_378,2
test_379,1
test_380,0
test_381,2
test_382,1
test_383,0
test_384,2
test_385,1
test_386,0
test_387,2
test_388,1
test_389,0
test_390,2
test_391,1
test_392,0
test_393,2
test_394,1
test_395,0
test_396,2
test_397,1
test_398,0
test_399,2
test_400,1
test_401,0
test_402,2
test_403,1
test_404,0
test_405,2
test_406,1
test_407,0
test_408,2
test_409,1
test_410,0
test_411,2
test_412,1
test_413,0
test_414,2
test_415,1
test_416,0
test_417,2
test_418,1
test_419,0
test_420,2
test_421,1
test_422,0
test_423,2
test_424,1
test_425,0
test_426,2
test_427,1
test_428,0
test_429,2
test_430,1
test_431,0
test_432,2
test_433,1
test_434,0
test_435,2
test_436,1
test_437,0
test_438,2
test_439,1
test_440,0
test_441,2
test_442,1
test_443,0
test_444,2
test_445,1
test_446,0
test_447,2
test_448,1
test_449,0
test_450,2
test_451,1
test_452,0
test_453,2
test_454,1
test_455,0
test_456,2
test_457,1
test_458,0
test_459,2
test_460,1
test_461,0
test_462,2
test_463,1
test_464,0
test_465,2
test_466,1
test_467,0
test_468,2
test_469,1
test_470,0
test_471,2
test_472,1
test_473,0
test_474,2
test_475,1
test_476,0
test_477,2
test_478,1
test_479,0
test_480,2
test_481,1
test_482,0
test_483,2
test_484,1
test_485,0
test_486,2
test_487,1
test_488,0
test_489,2
test_490,1
test_491,0
test_492,2
test_493,1
test_494,0
test_495,2
test_496,1
test_497,0
test_498,2
test_499,1
test_500,0
test_501,2
test_502,1
test_503,0
test_504,2
test_505,1
test_506,0
test_507,2
test_508,1
test_509,0
test_510,2
test_511,1
test_512,0
test_513,2
test_514,1
test_515,0
test_516,2
test_517,1
test_518,0
test_519,2
test_520,1
test_521,0
test_522,2
test_523,1
test_524,0
test_525,2
test_526,1
test_527,0
test_528,2
test_529,1
test_530,0
test_531,2
test_532,1
test_533,0
test_534,2
test_535,1
test_536,0
test_537,2
test_538,1
test_539,0
test_540,2
test_541,1
test_542,0
test_543,2
test_544,1
test_545,0
test_546,2
test_547,1
test_548,0
test_549,2
test_550,1
test_551,0
test_552,2
test_553,1
test_554,0
test_555,2
test_556,1
test_557,0
test_558,2
test_559,1
test_560,0
test_561,2
test_562,1
test_563,0
test_564,2
test_565,1
test_566,0
test_567,2
test_568,1
test_569,0
test_570,2
test_571,1
test_572,0
test_573,2
test_574,1
test_575,0
test_576,2
test_577,1
test_578,0
test_579,2
test_580,1
test_581,0
test_582,2
test_583,1
test_584,0
test_585,2
test_586,1
test_587,0
test_588,2
test_589,1
test_590,0
test_591,2
test_592,1
test_593,0
test_594,2
test_595,1
test_596,0
test_597,2
test_598,1
test_599,0
test_600,2
test_601,1
test_602,0
test_603,2
test_604,1
test_605,0
test_606,2
test_607,1
test_608,0
test_609,2
test_610,1
test_611,0
test_612,2
test_613,1
test_614,0
test_615,2
test_616,1
test_617,0
test_618,2
test_619,1
test_620,0
test_621,2
test_622,1
test_623,0
test_624,2
test_625,1
test_626,0
test_627,2
test_628,1
test_629,0
test_630,2
test_631,1
test_632,0
test_633,2
test_634,1
test_635,0
test_636,2
test_637,1
test_638,0
test_639,2
test_640,1
test_641,0
test_642,2
test_643,1
test_644,0
test_645,2
test_646,1
test_647,0
test_648,2
test_649,1
test_650,0
test_651,2
test_652,1
test_653,0
test_654,2
test_655,1
test_656,0
test_657,2
test_658,1
test_659,0
test_660,2
test_661,1
test_662,0
test_663,2
test_664,1
test_665,0
test_666,2
test_667,1
test_668,0
test_669,2
test_670,1
test_671,0
test_672,2
test_673,1
test_674,0
test_675,2
test_676,1
test_677,0
test_678,2
test_679,1
test_680,0
test_681,2
test_682,1
test_683,0
test_684,2
test_685,1
test_686,0
test_687,2
test_688,1
test_689,0
test_690,2
test_691,1
test_692,0
test_693,2
test_694,1
test_695,0
test_696,2
test_697,1
test_698,0
test_699,2
test_700,1
test_701,0
test_702,2
test_703,1
test_704,0
test_705,2
test_706,1
test_707,0
test_708,2
test_709,1
test_710,0
test_711,2
test_712,1
test_713,0
test_714,2
test_715,1
test_716,0
test_717,2
test_718,1
test_719,0
test_720,2
test_721,1
test_722,0
test_723,2
test_724,1
test_725,0
test_726,2
test_727,1
test_728,0
test_729,2
test_730,1
test_731,0
test_732,2
test_733,1
test_734,0
test_735,2
test_736,1
test_737,0
test_738,2
test_739,1
test_740,0
test_741,2
test_742,1
test_743,0
test_744,2
test_745,1
test_746,0
test_747,2
test_748,1
test_749,0
test_750,2
test_751,1
test_752,0
test_753,2
test_754,1
test_755,0
test_756,2
test_757,1
test_758,0
test_759,2
test_760,1
test_761,0
test_762,2
test_763,1
test_764,0
test_765,2
test_766,1
test_767,0
test_768,2
test_769,1
test_770,0
test_771,2
test_772,1
test_773,0
test_774,2
test_775,1
test_776,0
test_777,2
test_778,1
test_779,0
test_780,2
test_781,1
test_782,0
test_783,2
test_784,1
test_785,0
test_786,2
test_787,1
test_788,0
test_789,2
test_790,1
test_791,0
test_792,2
test_793,1
test_794,0
test_795,2
test_796,1
test_797,0
test_798,2
test_799,1
test_800,0
test_801,2
test_802,1
test_803,0
test_804,2
test_805,1
test_806,0
test_807,2
test_808,1
test_809,0
test_810,2
test_811,1
test_812,0
test_813,2
test_814,1
test_815,0
test_816,2
test_817,1
test_818,0
test_819,2
test_820,1
test_821,0
test_822,2
test_823,1
test_824,0
test_825,2
test_826,1
test_827,0
test_828,2
test_829,1
test_830,0
test_831,2
test_832,1
test_833,0
test_834,2
test_835,1
test_836,0
test_837,2
test_838,1
test_839,0
test_840,2
test_841,1
test_842,0
test_843,2
test_844,1
test_845,0
test_846,2
test_847,1
test_848,0
test_849,2
test_850,1
test_851,0
test_852,2
test_853,1
test_854,0
test_855,2
test_856,1
test_857,0
test_858,2
test_859,1
test_860,0
test_861,2
test_862,1
test_863,0
test_864,2
test_865,1
test_866,0
test_867,2
test_868,1
test_869,0
test_870,2
test_871,1
test_872,0
test_873,2
test_874,1
test_875,0
test_876,2
test_877,1
test_878,0
test_879,2
test_880,1
test_881,0
test_882,2
test_883,1
test_884,0
test_885,2
test_886,1
test_887,0
test_888,2
test_889,1
test_890,0
test_891,2
test_892,1
test_893,0
test_894,2
test_895,1
test_896,0
test_897,2
test_898,1
test_899,0
test_900,2
test_901,1
test_902,0
test_903,2
test_904,1
test_905,0
test_906,2
test_907,1
test_908,0
test_909,2
test_910,1
test_911,0
test_912,2
test_913,1
test_914,0
test_915,2
test_916,1
test_917,0
test_918,2
test_919,1
test_920,0
test_921,2
test_922,1
test_923,0
test_924,2
test_925,1
test_926,0
test_927,2
test_928,1
test_929,0
test_930,2
test_931,1
test_932,0
test_933,2
test_934,1
test_935,0
test_936,2
test_937,1
test_938,0
test_939,2
test_940,1
test_941,0
test_942,2
test_943,1
test_944,0
test_945,2
test_946,1
test_947,0
test_948,2
test_949,1
test_950,0
test_951,2
test_952,1
test_953,0
test_954,2
test_955,1
test_956,0
test_957,2
test_958,1
test_959,0
test_960,2
test_961,1
test_962,0
test_963,2
test_964,1
test_965,0
test_966,2
test_967,1
test_968,0
test_969,2
test_970,1
test_971,0
test_972,2
test_973,1
test_974,0
test_975,2
test_976,1
test_977,0
test_978,2
test_979,1
test_980,0
test_981,2
test_982,1
test_983,0
test_984,2
test_985,1
test_986,0
test_987,2
test_988,1
test_989,0
test_990,2
test_991,1
test_992,0
test_993,2
test_994,1
test_995,0
test_996,2
test_997,1
test_998,0
test_999,2
test_1000,1
test_1001,0
test_1002,2
test_1003,1
test_1004,0
test_1005,2
test_1006,1
test_1007,0
test_1008,2
test_1009,1
test_1010,0
test_1011,2
test_1012,1
test_1013,0
test_1014,2
test_1015,1
test_1016,0
test_1017,2
test_1018,1
test_1019,0
test_1020,2
test_1021,1
test_1022,0
test_1023,2
test_1024,1
test_1025,0
test_1026,2
test_1027,1
test_1028,0
test_1029,2
test_1030,1
test_1031,0
test_1032,2
test_1033,1
test_1034,0
test_1035,2
test_1036,1
test_1037,0
test_1038,2
test_1039,1
test_1040,0
test_1041,2
test_1042,1
test_1043,0
test_1044,2
test_1045,1
test_1046,0
test_1047,2
test_1048,1
test_1049,0
test_1050,2
test_1051,1
test_1052,0
test_1053,2
test_1054,1
test_1055,0
test_1056,2
test_1057,1
test_1058,0
test_1059,2
test_1060,1
test_1061,0
test_1062,2
test_1063,1
test_1064,0
test_1065,2
test_1066,1
test_1067,0
test_1068,2
test_1069,1
test_1070,0
test_1071,2
test_1072,1
test_1073,0
test_1074,2
test_1075,1
test_1076,0
test_1077,2
test_1078,1
test_1079,0
test_1080,2
test_1081,1
test_1082,0
test_1083,2
test_1084,1
test_1085,0
test_1086,2
test_1087,1
test_1088,0
test_1089,2
test_1090,1
test_1091,0
test_1092,2
test_1093,1
test_1094,0
test_1095,2
test_1096,1
test_1097,0
test_1098,2
test_1099,1
test_1100,0
test_1101,2
test_1102,1
test_1103,0
test_1104,2
test_1105,1
test_1106,0
test_1107,2
